{
    "epoch": 5.0,
    "total_flos": 1.974735476329808e+18,
    "train_loss": 0.21614112500791197,
    "train_runtime": 4809.6567,
    "train_samples_per_second": 0.672,
    "train_steps_per_second": 0.028
}